jurisdiction,code,level,sells_powerball,sells_mega_millions,taxes_lottery_winnings,top_rate_single,top_rate_starts_at_single,top_rate_joint,lottery_withholding_rate,withholding_threshold_usd,withholding_source,withholding_checked_on,rates_source,state_local_tax_on_1m,take_home_on_1m,notes
Alabama,AL,state,false,false,true,0.05,3000,0.05,,,,,https://taxfoundation.org/data/all/state/state-income-tax-rates-2026/,49960,630040,
Alaska,AK,state,false,false,false,0,,0,,,,,https://taxfoundation.org/data/all/state/state-income-tax-rates-2026/,0,680000,
Arizona,AZ,state,true,true,true,0.025,0,0.025,,,,,https://taxfoundation.org/data/all/state/state-income-tax-rates-2026/,25000,655000,
Arkansas,AR,state,true,true,true,0.039,4600,0.039,,,,,https://taxfoundation.org/data/all/state/state-income-tax-rates-2026/,38913,641087,
California,CA,state,true,true,false,0,,0,0,,https://www.ftb.ca.gov/file/personal/income-types/gambling.html,2026-10-01,https://taxfoundation.org/data/all/state/state-income-tax-rates-2026/,0,680000,
Colorado,CO,state,true,true,true,0.044000000000000004,0,0.044000000000000004,0.04,,https://www.coloradolottery.com/en/winners/claiming-prizes/,2026-10-01,https://taxfoundation.org/data/all/state/state-income-tax-rates-2026/,44000,636000,
Connecticut,CT,state,true,true,true,0.0699,500000,0.0699,0.0699,,https://www.ctlottery.org/taxinformation,2026-10-01,https://taxfoundation.org/data/all/state/state-income-tax-rates-2026/,66200,613800,
Delaware,DE,state,true,true,true,0.066,60000,0.066,,,,,https://taxfoundation.org/data/all/state/state-income-tax-rates-2026/,64984,615016,
District of Columbia,DC,state,true,true,true,0.1075,1000000,0.1075,,,,,https://taxfoundation.org/data/all/state/state-income-tax-rates-2026/,91525,588475,
Florida,FL,state,true,true,false,0,,0,0,,https://taxfoundation.org/data/all/state/state-income-tax-rates-2026/,2026-10-01,https://taxfoundation.org/data/all/state/state-income-tax-rates-2026/,0,680000,
Georgia,GA,state,true,true,true,0.0499,0,0.0499,0.0499,,https://www.galottery.com/en-us/player-zone/player-faqs.html,2026-10-01,https://www.bdo.com/insights/tax/georgia-enacts-income-tax-reduction-bill,49900,630100,
Hawaii,HI,state,false,false,true,0.11,325000,0.11,,,,,https://taxfoundation.org/data/all/state/state-income-tax-rates-2026/,100216,579784,
Idaho,ID,state,true,true,true,0.053,4811,0.053,0.053,,https://www.idaholottery.com/pages/faqs,2026-10-01,https://taxfoundation.org/data/all/state/state-income-tax-rates-2026/,52745,627255,
Illinois,IL,state,true,true,true,0.0495,0,0.0495,0.0495,1000,https://tax.illinois.gov/research/taxrates/income.html,2026-10-05,https://taxfoundation.org/data/all/state/state-income-tax-rates-2026/,49500,630500,
Indiana,IN,state,true,true,true,0.029500000000000002,0,0.029500000000000002,,,,,https://taxfoundation.org/data/all/state/state-income-tax-rates-2026/,29500,650500,
Iowa,IA,state,true,true,true,0.038,0,0.038,0.038,600,https://ialottery.com/pages/faqs/FAQ-ClaimingPrizes.aspx,2026-10-01,https://taxfoundation.org/data/all/state/state-income-tax-rates-2026/,38000,642000,
Kansas,KS,state,true,true,true,0.0558,23000,0.0558,0.05,,https://www.ksrevenue.gov/kw100.html,2026-10-01,https://taxfoundation.org/data/all/state/state-income-tax-rates-2026/,55713,624287,
Kentucky,KY,state,true,true,true,0.035,0,0.035,0.035,,https://revenue.ky.gov/Forms/42A003-March%202026.pdf,2026-10-01,https://taxfoundation.org/data/all/state/state-income-tax-rates-2026/,35000,645000,
Louisiana,LA,state,true,true,true,0.03,0,0.03,0.03,5000,https://louisianalottery.com/players-guide/claim-a-prize/,2026-10-01,https://taxfoundation.org/data/all/state/state-income-tax-rates-2026/,30000,650000,
Maine,ME,state,true,true,true,0.07150000000000001,64849,0.07150000000000001,0.0715,,https://www.mainelottery.com/players_info/prizes.html,2026-10-01,https://taxfoundation.org/data/all/state/state-income-tax-rates-2026/,70980,609020,
Maryland,MD,state,true,true,true,0.065,1000000,0.065,0.095,,https://www.marylandcomptroller.gov/legal-library/ta-01-jul-2025.html,2026-10-01,https://taxfoundation.org/data/all/state/state-income-tax-rates-2026/,89014,590986,State tax plus the average Maryland county income tax
Massachusetts,MA,state,true,true,true,0.09,1083150,0.09,,,,,https://taxfoundation.org/data/all/state/state-income-tax-rates-2026/,50000,630000,
Michigan,MI,state,true,true,true,0.0425,0,0.0425,0.0425,,https://faq.michiganlottery.com/prize-claim-information-e6e95589/how-to-claim-prizes-by-mail-7ca1b72c,2026-10-01,https://taxfoundation.org/data/all/state/state-income-tax-rates-2026/,42500,637500,
Minnesota,MN,state,true,true,true,0.09849999999999999,203150,0.09849999999999999,0.0725,,https://www.mnlottery.com/claim-a-prize,2026-10-01,https://taxfoundation.org/data/all/state/state-income-tax-rates-2026/,92805,587195,
Mississippi,MS,state,true,true,true,0.04,10000,0.04,,,,,https://taxfoundation.org/data/all/state/state-income-tax-rates-2026/,39600,640400,
Missouri,MO,state,true,true,true,0.047,9436,0.047,0.04,600,https://www.molottery.com/claiming-prizes/claiming-prizes.jsp,2026-10-01,https://taxfoundation.org/data/all/state/state-income-tax-rates-2026/,46819,633181,
Montana,MT,state,true,true,true,0.0565,47500,0.0565,0.059,,https://montanalottery.com/claim-your-prize/,2026-10-01,https://taxfoundation.org/data/all/state/state-income-tax-rates-2026/,56049,623951,
Nebraska,NE,state,true,true,true,0.0455,24760,0.0455,0.035,,https://revenue.nebraska.gov/sites/default/files/doc/business/Cir_En_2025/2026cir_en_whole.pdf,2026-10-01,https://taxfoundation.org/data/all/state/state-income-tax-rates-2026/,45199,634801,
Nevada,NV,state,false,false,false,0,,0,,,,,https://taxfoundation.org/data/all/state/state-income-tax-rates-2026/,0,680000,
New Hampshire,NH,state,true,true,false,0,,0,0,,https://taxfoundation.org/data/all/state/state-income-tax-rates-2026/,2026-10-01,https://taxfoundation.org/data/all/state/state-income-tax-rates-2026/,0,680000,
New Jersey,NJ,state,true,true,true,0.1075,1000000,0.1075,0.05,,https://www.nj.gov/treasury/taxation/lotterygamblingwinnings.shtml,2026-10-01,https://taxfoundation.org/data/all/state/state-income-tax-rates-2026/,74576,605424,
New Mexico,NM,state,true,true,true,0.059000000000000004,210000,0.059000000000000004,0.06,,https://www.nmlottery.com/2021/10/14/winners-claiming-prizes/,2026-10-01,https://taxfoundation.org/data/all/state/state-income-tax-rates-2026/,56358,623642,
New York,NY,state,true,true,true,0.109,25000000,0.109,0.109,,https://www.tax.ny.gov/pdf/publications/income/pub140w.pdf,2026-10-01,https://taxfoundation.org/data/all/state/state-income-tax-rates-2026/,65885,614115,
North Carolina,NC,state,true,true,true,0.039900000000000005,0,0.039900000000000005,0.0399,,https://nclottery.com/NewsBlogDetails/2026/3/19/Craven-County-mans-persistence-pays-off-with-2-million-Powerball-win-,2026-10-01,https://taxfoundation.org/data/all/state/state-income-tax-rates-2026/,39900,640100,
North Dakota,ND,state,true,true,true,0.025,244825,0.025,0.025,,https://www.lottery.nd.gov/faqs,2026-10-01,https://taxfoundation.org/data/all/state/state-income-tax-rates-2026/,22708,657292,
Ohio,OH,state,true,true,true,0.0275,26050,0.0275,0.0275,,https://codes.ohio.gov/ohio-revised-code/section-5747.062,2026-10-05,https://taxfoundation.org/data/all/state/state-income-tax-rates-2026/,26784,653216,
Oklahoma,OK,state,true,true,true,0.045,7200,0.045,,,,,https://taxfoundation.org/data/all/state/state-income-tax-rates-2026/,44785,635215,
Oregon,OR,state,true,true,true,0.099,125000,0.099,0.08,1500,https://www.oregonlottery.org/claim-a-prize/,2026-10-01,https://taxfoundation.org/data/all/state/state-income-tax-rates-2026/,97244,582756,
Pennsylvania,PA,state,true,true,true,0.030699999999999998,0,0.030699999999999998,0.0307,,https://www.revenue.pa.gov/TaxTypes/PIT/Pages/Lottery-Winnings.aspx,2026-10-01,https://taxfoundation.org/data/all/state/state-income-tax-rates-2026/,30700,649300,
Rhode Island,RI,state,true,true,true,0.0599,186450,0.0599,,,,,https://taxfoundation.org/data/all/state/state-income-tax-rates-2026/,56768,623232,
South Carolina,SC,state,true,true,true,0.06,18230,0.06,,,,,https://taxfoundation.org/data/all/state/state-income-tax-rates-2026/,59344,620656,
South Dakota,SD,state,true,true,false,0,,0,0,,https://lottery.sd.gov/who-we-are/faqs/,2026-10-01,https://taxfoundation.org/data/all/state/state-income-tax-rates-2026/,0,680000,
Tennessee,TN,state,true,true,false,0,,0,0,,https://taxfoundation.org/data/all/state/state-income-tax-rates-2026/,2026-10-01,https://taxfoundation.org/data/all/state/state-income-tax-rates-2026/,0,680000,
Texas,TX,state,true,true,false,0,,0,0,,https://taxfoundation.org/data/all/state/state-income-tax-rates-2026/,2026-10-01,https://taxfoundation.org/data/all/state/state-income-tax-rates-2026/,0,680000,
Utah,UT,state,false,false,true,0.045,0,0.045,,,,,https://taxfoundation.org/data/all/state/state-income-tax-rates-2026/,45000,635000,
Vermont,VT,state,true,true,true,0.0875,249700,0.0875,0.06,,https://vtlottery.com/about/faq/what-if-i-win,2026-10-01,https://taxfoundation.org/data/all/state/state-income-tax-rates-2026/,81826,598174,
Virginia,VA,state,true,true,true,0.0575,17000,0.0575,0.04,,https://www.valottery.com/winnersnews/claimprize,2026-10-01,https://taxfoundation.org/data/all/state/state-income-tax-rates-2026/,57243,622757,
Washington,WA,state,true,true,false,0,,0,0,,https://taxfoundation.org/data/all/state/state-income-tax-rates-2026/,2026-10-01,https://taxfoundation.org/data/all/state/state-income-tax-rates-2026/,0,680000,
West Virginia,WV,state,true,true,true,0.0482,60000,0.0482,,,,,https://taxfoundation.org/data/all/state/state-income-tax-rates-2026/,47362,632638,
Wisconsin,WI,state,true,true,true,0.0765,332720,0.0765,0.0765,,https://wilottery.com/node/1623,2026-10-01,https://taxfoundation.org/data/all/state/state-income-tax-rates-2026/,68078,611922,
Wyoming,WY,state,true,true,false,0,,0,0,,https://taxfoundation.org/data/all/state/state-income-tax-rates-2026/,2026-10-01,https://taxfoundation.org/data/all/state/state-income-tax-rates-2026/,0,680000,
New York City,NYC,city,true,true,true,0.03876,50000,0.03876,0.03876,,https://www.tax.ny.gov/pdf/current_forms/it/it201i.pdf,,https://www.tax.ny.gov/pdf/current_forms/it/it201i.pdf,104520,575480,Figures include New York State tax
Yonkers,YONKERS,city,true,true,true,,,,0.018257,,https://www.tax.ny.gov/pdf/current_forms/it/it201i.pdf,,https://www.tax.ny.gov/pdf/current_forms/it/it201i.pdf,76921,603079,Surcharge of 16.75% of New York State tax; figures include New York State tax
